{"mean": [0.24948899260189591, 35.69337547159195, 57.22471392762661, 507.37272470223854, 0.083375, 50.20280826854706, 43.195395507574084, 0.09111851083429622, 0.12289206686148176, 0.6887884528734644], "scale": [0.30690666882130047, 19.928479916699356, 19.868865084499838, 1175.5076962186, 0.27644820378325663, 53.512729085106955, 40.598639881563464, 0.26213261535207977, 0.24665386924017169, 0.44858458096243303]}