{"mean": [0.3403171113362964, 47.83518596763611, 35.810077659494944, 1304.4403152028322, 0.45006, 67.98573340370179, 63.32559087638855, 0.36949490816770747, 0.0719407915026454, 0.599537917297557], "scale": [0.3553989586054928, 15.797793642627994, 15.71992890836827, 1238.9562745694673, 0.4974997451255629, 30.00961066609578, 28.24531631357876, 0.3721527411556396, 0.07414451137929239, 0.34898302322310126]}